{
    "maozi-cloud-base-code": {
        "1": {
            "code": 1,
            "message": ""
        },
        "2": {
            "code": 2,
            "message": "服务没有此code"
        },
        "3": {
            "code": 3,
            "message": "Token错误"
        },
        "6": {
            "code": 6,
            "message": "服务未启动"
        },
        "7": {
            "code": 7,
            "message": "更新失败"
        },
        "8": {
            "code": 8,
            "message": "添加失败"
        },
        "9": {
            "code": 9,
            "message": "删除失败"
        },
        "10": {
            "code": 10,
            "message": "分页参数错误"
        },
        "11": {
            "code": 11,
            "message": "游客"
        },
        "12": {
            "code": 12,
            "message": "验签失败"
        },
        "13": {
            "code": 13,
            "message": "验证失败"
        },
        "14": {
            "code": 14,
            "message": "字段全部为空"
        },
        "16": {
            "code": 16,
            "message": "重复提交错误"
        },
        "17": {
            "code": 17,
            "message": "未找到第三方接口转换器"
        },
        "18": {
            "code": 18,
            "message": "未找到第三方数据请求转换器"
        },
        "400": {
            "code": 400,
            "message": "参数错误"
        },
        "401": {
            "code": 401,
            "message": "用户未授权"
        },
        "402": {
            "code": 402,
            "message": "恶意请求"
        },
        "403": {
            "code": 403,
            "message": "权限不足"
        },
        "404": {
            "code": 404,
            "message": "没有此资源"
        },
        "405": {
            "code": 405,
            "message": "请求格式错误"
        },
        "415": {
            "code": 415,
            "message": "请求格式错误"
        },
        "500": {
            "code": 500,
            "message": "内部服务错误"
        },
        "600": {
            "code": 600,
            "message": "错误熔断"
        },
        "601": {
            "code": 601,
            "message": "限流中"
        },
        "700": {
            "code": 700,
            "message": "网关错误"
        },
        "800": {
            "code": 800,
            "message": "获取Token失败"
        }
    },
    "maozi-cloud-test-service-test-code":{
        "3001":{
            "code":3001,
            "message":"测试测试"
        }
    },
    "maozi-cloud-test-service-test-enums":{

        "test-enums":[{
            "key": 0,
            "value": "test11"
        },{
            "key": 1,
            "value": "test22"
        }]
        
    },
    "maozi-cloud-sso-service-oauthToken-rpc-code":{
        "1001":{
            "code":1001,
            "message":"client无效"
        },
        "1002":{
            "code":1002,
            "message":"用户或密码错误"
        }
    }
}