[

    {
        "id": "MAOZI-CLOUD-SYSTEM",
        "order": 2,
        "predicates": [{
            "args": {
                "pattern": "/system/**"
            },
            "name": "Path"
        }],
        "uri": "lb://maozi-cloud-system"
    },



    {
        "id": "MAOZI-CLOUD-OAUTH",
        "order": 2,
        "predicates": [{
            "args": {
                "pattern": "/oauth/**"
            },
            "name": "Path"
        }],
        "uri": "lb://maozi-cloud-oauth"
    }

]